n_qubits,basis,mean,std_empirical,mean_bootstrap,std_bootstrap,ci_95_lower,ci_95_upper
4,Z,0.050982221246629246,0.0058853985331028145,0.050977341765287607,0.00334683597062507,0.04441754326286247,0.05753714026771274
4,X,0.30867792861600113,0.0059995126092425724,0.3088418041433538,0.0035496566298581903,0.30188447714883176,0.3157991311378759
6,Z,0.0523494843272058,0.0017921156153735214,0.052297541548391835,0.0010416767045254157,0.05025585520752202,0.05433922788926165
6,X,0.3138098604154737,0.0030192002198685393,0.3138331524207732,0.0017936615601291735,0.31031757576292,0.3173487290786264
8,Z,0.0524059670920769,0.00428729555882756,0.052409450188379635,0.0024213179633216873,0.04766366698026913,0.05715523339649014
8,X,0.332408898017186,0.0071518207107971535,0.3325182966723529,0.004060392230319612,0.32455992790092647,0.3404766654437793
