n_qubits,theta,basis,discord,pred_perturbation,pred_asymptotic,pred_artifact_model,artifact_predicted
4,75,Z,0.05214489018499924,0.034269459726004696,0.4999999999999999,0.034269459726004696,0
4,75,X,0.3013899468770509,0.034269459726004696,0.4999999999999999,0.4342694597260047,0.4
6,75,Z,0.046841352728880015,0.034269459726004696,0.6462406251802889,0.034269459726004696,0
6,75,X,0.31169967195543347,0.034269459726004696,0.6462406251802889,0.4635175847620625,0.4292481250360578
8,75,Z,0.056491321797492056,0.034269459726004696,0.7499999999999998,0.034269459726004696,0
8,75,X,0.34175543012414966,0.034269459726004696,0.7499999999999998,0.4842694597260047,0.45
